{
  "version": 1,
  "author": "Anonymous maker",
  "editor": "wokwi",
  "parts": [
    { "type": "wokwi-arduino-nano", "id": "nano", "top": -4.8, "left": -0.5, "attrs": {} },
    {
      "type": "wokwi-max7219-matrix",
      "id": "matrix1",
      "top": -273.36,
      "left": 60.2,
      "rotate": 90,
      "attrs": { "chain": "4" }
    },
    {
      "type": "wokwi-analog-joystick",
      "id": "joystick1",
      "top": -240.6,
      "left": -119.4,
      "attrs": {}
    },
    {
      "type": "wokwi-lcd1602",
      "id": "lcd1",
      "top": 44.8,
      "left": 226.4,
      "attrs": { "pins": "i2c" }
    }
  ],
  "connections": [
    [ "lcd1:GND", "nano:GND.1", "black", [ "h0" ] ],
    [ "lcd1:VCC", "nano:5V", "red", [ "h0" ] ],
    [ "lcd1:SDA", "nano:A4", "green", [ "h0" ] ],
    [ "lcd1:SCL", "nano:A5", "green", [ "h0" ] ],
    [ "joystick1:GND", "nano:GND.2", "black", [ "v67.2", "h163.2" ] ],
    [ "joystick1:VCC", "nano:5V", "red", [ "v211.2", "h201.6" ] ],
    [ "joystick1:VERT", "nano:A0", "purple", [ "v192", "h115.2" ] ],
    [ "joystick1:HORZ", "nano:A1", "green", [ "v201.6", "h115.2" ] ],
    [ "joystick1:SEL", "nano:2", "green", [ "v76.8", "h163.2" ] ],
    [ "nano:13", "matrix1:CLK", "orange", [ "v57.6", "h172.8", "v-105.6", "h259.2" ] ],
    [ "nano:10", "matrix1:CS", "violet", [ "v-57.6", "h182.4" ] ],
    [ "nano:11", "matrix1:DIN", "green", [ "v-48", "h201.6" ] ],
    [ "matrix1:V+", "nano:5V", "red", [ "v86.4", "h-28.8", "v67.2", "h-96" ] ],
    [ "matrix1:GND", "nano:GND.2", "black", [ "v28.8", "h-115.2" ] ]
  ],
  "dependencies": {}
}